Product_URL,Comment
https://www.booktopia.com.au/book/9780061763403.html,Book Not Found
https://www.booktopia.com.au/book/9780230760387.html,Book Not Found
https://www.booktopia.com.au/book/9780230739673.html,Book Not Found
https://www.booktopia.com.au/book/9780061949098.html,Book Not Found
https://www.booktopia.com.au/book/9780230225916.html,Book Not Found
https://www.booktopia.com.au/book/9780230770072.html,Book Not Found
https://www.booktopia.com.au/book/9780241192061.html,Book Not Found
https://www.booktopia.com.au/book/9780307414250.html,Book Not Found
https://www.booktopia.com.au/book/9780297857440.html,Book Not Found
https://www.booktopia.com.au/book/9780307422316.html,Book Not Found
https://www.booktopia.com.au/book/9780307351487.html,Book Not Found
https://www.booktopia.com.au/book/9780307483690.html,Book Not Found
https://www.booktopia.com.au/book/9780307388629.html,Book Not Found
https://www.booktopia.com.au/book/9780141960241.html,Book Not Found
https://www.booktopia.com.au/book/9780062368683.html,Book Not Found
https://www.booktopia.com.au/book/9780061802638.html,Book Not Found
https://www.booktopia.com.au/book/9780062982735.html,Book Not Found
https://www.booktopia.com.au/book/9780230768130.html,Book Not Found
https://www.booktopia.com.au/book/9780307414144.html,Book Not Found
https://www.booktopia.com.au/book/9780141923680.html,Book Not Found
https://www.booktopia.com.au/book/9780141347738.html,Book Not Found
https://www.booktopia.com.au/book/9780307416315.html,Book Not Found
https://www.booktopia.com.au/book/9780230757073.html,Book Not Found
https://www.booktopia.com.au/book/9780061739255.html,Book Not Found
https://www.booktopia.com.au/book/9780060882662.html,Book Not Found
https://www.booktopia.com.au/book/9780230761230.html,Book Not Found
https://www.booktopia.com.au/book/9780230739161.html,Book Not Found
https://www.booktopia.com.au/book/9780230760653.html,Book Not Found
https://www.booktopia.com.au/book/9780307414311.html,Book Not Found
https://www.booktopia.com.au/book/9780230754737.html,Book Not Found
https://www.booktopia.com.au/book/9780230743847.html,Book Not Found
https://www.booktopia.com.au/book/9780230770096.html,Book Not Found
https://www.booktopia.com.au/book/9780141347790.html,Book Not Found
https://www.booktopia.com.au/book/9781310761898.html,Book Not Found
https://www.booktopia.com.au/book/9780230760615.html,Book Not Found
https://www.booktopia.com.au/book/9780230768123.html,Book Not Found
https://www.booktopia.com.au/book/9780061947353.html,Book Not Found
https://www.booktopia.com.au/book/9780141365855.html,Book Not Found
https://www.booktopia.com.au/book/9780241396940.html,Book Not Found
https://www.booktopia.com.au/book/9780141353111.html,Book Not Found
https://www.booktopia.com.au/book/9780230771437.html,Book Not Found
https://www.booktopia.com.au/book/9780230758025.html,Book Not Found
https://www.booktopia.com.au/book/9780307271464.html,Book Not Found
https://www.booktopia.com.au/book/9780140621297.html,Book Not Found
https://www.booktopia.com.au/book/9780307414151.html,Book Not Found
https://www.booktopia.com.au/book/9780307430861.html,Book Not Found
https://www.booktopia.com.au/book/9780141350684.html,Book Not Found
https://www.booktopia.com.au/book/9780230767539.html,Book Not Found
https://www.booktopia.com.au/book/9780141388786.html,Book Not Found
https://www.booktopia.com.au/book/9780230763043.html,Book Not Found
https://www.booktopia.com.au/book/9780230761223.html,Book Not Found
https://www.booktopia.com.au/book/9780297855897.html,Book Not Found
https://www.booktopia.com.au/book/9780230752368.html,Book Not Found
https://www.booktopia.com.au/book/9780230772021.html,Book Not Found
https://www.booktopia.com.au/book/9780230741140.html,Book Not Found
https://www.booktopia.com.au/book/9780156033121.html,Book Not Found
https://www.booktopia.com.au/book/9780230763098.html,Book Not Found
https://www.booktopia.com.au/book/9780062358486.html,Book Not Found
https://www.booktopia.com.au/book/9780307422989.html,Book Not Found
https://www.booktopia.com.au/book/9780061135675.html,Book Not Found
https://www.booktopia.com.au/book/9780230764897.html,Book Not Found
https://www.booktopia.com.au/book/9780141385273.html,Book Not Found
https://www.booktopia.com.au/book/9780061751752.html,Book Not Found
https://www.booktopia.com.au/book/9780307388124.html,Book Not Found
https://www.booktopia.com.au/book/9780230754799.html,Book Not Found
https://www.booktopia.com.au/book/9780297857136.html,Book Not Found
